Date,cpi,ppi,fdi,total_index,agricultural_index,mineral_index,fuel_electric_index,gdp,export %,import %,pmi,LPI Index,New Financial Credit,Consumer Confidence Index,Total Retail Sales,Foreign Reserve,Money Supply,issuance of inv prod,insurance income,domestic phone sales,Consumption index (national),Consumption index (city),Consumption index (rural),Inv in fixed asset,Total Export,Total Import,Fiscal Revenue,Forex Loan,Deposit in currency,net currency inj,large bank reserve ratio,small bank reserve ratio
2005-01-01,2.4,7.1,,104.67,106.22,115.83,115.83,,32.7,24.6,,,,,,,,59.0,3117246.68,,,,,,,,,,,-480.0,,
2005-02-01,1.9,5.8,,104.82,107.92,111.23,118.83,,42.1,23.9,54.7,,,,,,,24.0,5512427.64,,,,,,,,,,,-1030.0,,
2005-03-01,4.0,5.4,,103.48,103.68,110.28,119.47,,30.0,-5.0,54.5,,,,,,,52.0,11241544.37,,,,,,,,,,,-1900.0,,
2005-04-01,2.7,5.6,,102.81,101.45,109.44,120.57,,32.7,18.6,57.9,,,,,,,55.0,13778977.81,,,,,,,,,,,-1820.0,,
2005-05-01,1.8,5.8,,103.16,100.88,110.27,122.53,,31.8,16.2,56.7,,,,,,,28.0,16248657.71,,,,,,,,,,,-1000.0,,
2005-06-01,1.8,5.9,,103.01,100.3,111.59,122.82,,30.3,15.0,52.9,,,,,,,58.0,20082949.37,,,,,,,,,,,-1300.0,,
2005-07-01,1.6,5.2,,102.72,100.23,110.98,123.57,,30.5,15.1,51.7,,,,,,,58.0,22259891.14,,,,,,,,,,,-740.0,,
2005-08-01,1.8,5.2,,102.13,99.59,110.84,123.23,,28.6,12.4,51.1,,,,,,,71.0,24604393.59,,,,,,,,,,,-930.0,,
2005-09-01,1.3,5.3,,101.43,98.83,109.18,121.32,,33.2,23.5,52.6,,,,,,,65.0,27773271.01,,,,,,,,,,,-780.0,,
2005-10-01,0.9,4.5,,100.93,98.32,106.42,120.77,,25.8,23.5,55.1,,,,,,,84.0,30372843.96,,,,,,,,,,,-1370.0,,
2005-11-01,1.2,4.0,,100.71,99.06,104.86,118.05,,29.5,23.4,54.1,,,,,,,37.0,33720520.15,,,,,,,,,,,-2342.0,,
2005-12-01,1.3,3.2,,100.76,100.01,105.63,115.67,,18.5,21.0,54.1,,,,,,,63.0,36462272.93,,,,,,,,,,,320.0,,
2006-01-01,1.6,3.2,,101.11,101.28,105.56,116.04,,18.2,22.2,54.3,,,,,,,78.0,4025725.92,,,,,,,,,,,2773.0,,
2006-02-01,1.9,3.0,,100.71,99.99,108.97,114.85,,28.4,25.4,52.1,,,,,,,54.0,7581090.6,,,,,,,,,,,-4983.0,,
2006-03-01,0.9,3.0,,100.77,101.02,107.94,114.64,,22.2,29.5,52.1,,,,,,,110.0,12149920.75,,,,,,,,,,,-2300.0,,
2006-04-01,0.8,2.5,,101.0,101.2,107.6,111.8,,28.2,21.1,55.3,,,,,,,112.0,15290926.15,,,,,,,,,,,20.0,,
2006-05-01,1.2,1.9,,101.5,100.8,108.87,110.68,,23.7,15.3,58.1,,,,,,,69.0,18452546.15,,,,,,,,,,,182.0,,
2006-06-01,1.4,2.4,,102.3,102.7,110.6,110.1,,25.1,21.7,54.8,,,,,,,132.0,22549389.69,,,,,,,,,,,0.0,,
2006-07-01,1.5,3.5,,102.5,103.0,112.1,110.4,,23.3,18.9,54.1,,,,,,,121.0,25034024.01,,,,,,,,,,,140.0,,
2006-08-01,1.0,3.6,,102.9,104.2,112.8,110.3,,22.5,19.7,52.4,,,,,,,145.0,27784916.2,,,,,,,,,,,-142.2,,
2006-09-01,1.3,3.4,,103.6,105.6,113.6,109.8,,32.7,24.6,53.1,,,,,,,151.0,31130147.91,,,,,,,,,,,-380.0,,
2006-10-01,1.5,3.4,,103.8,106.3,116.0,107.0,,30.5,22.0,57.0,,,,,,,121.0,33801181.65,,,,,,,,,,,-1000.0,,
2006-11-01,1.4,2.9,,104.1,107.2,117.4,105.4,,29.5,14.7,54.7,,,,,,,141.0,37315157.07,,,,,,,,,,,690.0,,
2006-12-01,1.9,2.8,,105.1,110.3,115.2,106.1,,32.7,18.3,55.3,,,,,,,156.0,40610901.22,,,,,,,,,,,-210.5,,
2007-01-01,2.8,3.0,,104.6,107.8,114.6,107.0,,24.7,13.5,54.8,,,112.4,,,,322.0,4569304.27,,,,,,,,,,,-5510.0,9.5,9.5
2007-02-01,2.2,3.3,,104.5,108.6,111.1,104.2,,33.0,27.5,55.1,,,111.8,,,,117.0,8504549.81,,,,,,,,,,,3860.0,10.0,10.0
2007-03-01,2.7,2.6,,104.2,107.8,110.9,103.2,,51.8,13.1,53.1,,,111.0,,,,216.0,14289736.75,,,,,,,,,,,-5610.0,,
2007-04-01,3.3,2.6,,104.6,109.1,112.6,103.3,,7.1,14.5,56.1,,,112.3,,,,269.0,17927466.84,,,,,,,,,,,-1070.0,10.5,10.5
2007-05-01,3.0,2.9,,105.1,111.3,115.3,103.3,,26.9,21.3,58.6,,,112.8,,,,205.0,21430486.46,,,,,,,,,,,140.0,11.0,11.0
2007-06-01,3.4,2.8,,105.4,112.7,115.4,102.4,,28.7,19.1,55.7,,,113.7,,,,263.0,25892839.18,,,,,,,,,,,880.0,11.5,11.5
2007-07-01,4.4,2.5,,106.1,115.1,115.0,100.8,,27.2,14.2,54.5,,,112.9,,,,267.0,28898995.48,,,,,,,,,,,-630.0,,
2007-08-01,5.6,2.4,,106.5,115.7,115.0,101.0,,34.3,26.8,53.3,,,113.5,,,,253.0,32558604.71,,,,,,,,,,,-1407.8,12.0,12.0
2007-09-01,6.5,2.6,,106.2,113.6,115.4,101.0,,22.8,20.1,54.0,,,113.1,,,,296.0,37055748.3,,,,,,,,,,,3370.0,12.5,12.5
2007-10-01,6.2,2.7,,106.5,113.1,115.9,103.3,,22.7,16.1,56.1,,,112.6,,,,267.0,40673303.34,,,,,,,,,,,1370.0,13.0,13.0
2007-11-01,6.5,3.2,,107.4,114.1,116.5,109.0,,22.3,25.5,53.2,,,112.0,,,,359.0,45207375.35,,,,,,,,,,,165.0,13.5,13.5
2007-12-01,6.9,4.6,,107.6,111.3,117.3,111.9,,22.7,25.3,55.4,,,113.1,,,,363.0,49489681.18,,,,,,,,,,,-594.5,14.5,14.5
2008-01-01,6.5,5.4,11200250.0,108.36,112.79,119.58,112.46,,21.7,25.5,55.3,,8058.0,111.6,9077.3,15898.104,417846.17,431.0,7628386.36,,107.0781,106.7773,107.7209,,109640030.0,90174447.0,7396.64,,,5070.0,15.0,15.0
2008-02-01,7.1,6.1,6928190.0,109.2,113.37,120.73,114.14,,26.7,27.6,53.0,,2434.0,110.0,8354.7,16471.3371,421037.84,334.0,14412523.75,,108.7443,108.4973,109.2344,0,87367796.0,78813133.0,4158.75,217.02,13370.18,-5410.0,,
2008-03-01,8.7,6.6,9285600.0,110.2,114.1,123.53,115.34,,6.3,35.1,53.4,,2834.0,110.3,8123.2,16821.77,423054.53,497.0,23073763.35,,108.3097,107.9699,109.033,10195.6477,108962891.0,95556142.0,4415.95,103.62,10737.68,-7130.0,15.5,15.5
2008-04-01,8.3,8.0,7602890.0,110.3,113.86,122.12,117.18,,30.4,24.6,58.4,,4690.0,109.7,8142.0,17566.5514,429313.72,406.0,28964567.97,,108.4829,108.1094,109.2737,10093.1351,118706686.0,102029338.0,6824.88,21.35,7180.81,-230.0,16.0,16.0
2008-05-01,8.5,8.1,7760960.0,109.63,111.56,117.55,116.91,,22.1,26.4,59.2,,3185.0,110.0,8703.5,17969.6074,436221.6,462.0,34988514.24,,107.7163,107.3331,108.5481,11854.1327,120496491.0,100286062.0,6268.15,30.04,8763.12,840.0,16.5,16.5
2008-06-01,7.7,8.2,9610050.0,109.5,109.1,116.7,121.2,,28.3,40.0,53.3,,3324.0,109.8,8642.0,18088.2805,443141.02,594.0,42572344.52,,107.0844,106.7644,107.8024,18171.7796,121179554.0,100179936.0,5743.82,14.02,7686.63,3100.0,17.0,17.0
2008-06-01,7.7,8.2,9610050.0,109.5,109.1,116.7,121.2,,28.3,40.0,53.3,,3324.0,109.8,8642.0,18088.2805,443141.02,594.0,42572344.52,,107.0844,106.7644,107.8024,18171.7796,121179554.0,100179936.0,5743.82,14.02,7686.63,3100.0,17.0,17.5
2008-06-01,7.7,8.2,9610050.0,109.5,109.1,116.7,121.2,,28.3,40.0,53.3,,3324.0,109.8,8642.0,18088.2805,443141.02,594.0,42572344.52,,107.0844,106.7644,107.8024,18171.7796,121179554.0,100179936.0,5743.82,14.02,7686.63,3100.0,17.5,17.0
2008-06-01,7.7,8.2,9610050.0,109.5,109.1,116.7,121.2,,28.3,40.0,53.3,,3324.0,109.8,8642.0,18088.2805,443141.02,594.0,42572344.52,,107.0844,106.7644,107.8024,18171.7796,121179554.0,100179936.0,5743.82,14.02,7686.63,3100.0,17.5,17.5
2008-07-01,7.1,8.8,8336010.0,109.4,106.8,118.3,126.7,,17.3,31.0,52.0,,3818.0,110.2,8628.8,18451.6418,446362.17,660.0,48189232.13,,106.302,106.067,106.8498,13724.0976,136675046.0,111397147.0,6073.52,-6.35,5028.96,-895.0,,
2008-08-01,6.3,10.0,7008160.0,108.15,104.71,115.5,126.78,,26.9,33.7,48.4,,2715.0,109.3,8767.7,18841.5279,448846.68,762.0,54071266.66,,104.9001,104.6866,105.417,12759.6052,134872675.0,106178493.0,3847.93,-29.7,6831.03,-1075.0,,
2008-09-01,4.9,10.1,6641870.0,107.0,104.95,112.31,124.18,,21.5,23.1,48.4,,3745.0,108.9,9446.5,19055.8452,452898.71,717.0,60060010.44,,104.6425,104.377,105.2772,14951.0268,136432088.0,107065274.0,4217.22,-25.1,4729.13,-3720.0,17.5,16.5
2008-10-01,4.6,9.1,6721860.0,104.03,104.26,103.8,119.13,,21.7,21.3,51.2,,1819.0,107.9,10082.7,18796.88,453133.32,693.0,64538969.79,,103.9744,103.7125,104.576,13318.3607,128327028.0,93087686.0,5328.95,-108.65,3645.74,-1210.0,17.0,16.0
2008-11-01,4.0,6.6,5321810.0,99.59,100.19,93.62,107.79,,19.3,15.6,44.6,,4775.0,105.2,9790.8,18847.17,458644.66,541.0,68859482.2,,102.434,102.2235,102.934,14425.0656,114987285.0,74897470.0,3792.4,-99.92,3810.09,1355.0,,
2008-12-01,2.4,2.0,5977790.0,96.92,98.55,89.19,96.2,,-2.2,-17.9,38.8,,7645.0,101.8,10728.5,19460.3,475166.6,456.0,73375667.35,,101.1999,100.9254,101.8568,20553.106,111157222.0,72177186.0,3248.69,-46.93,4171.77,-730.0,16.0,14.0
2008-12-01,2.4,2.0,5977790.0,96.92,98.55,89.19,96.2,,-2.2,-17.9,38.8,,7645.0,101.8,10728.5,19460.3,475166.6,456.0,73375667.35,,101.1999,100.9254,101.8568,20553.106,111157222.0,72177186.0,3248.69,-46.93,4171.77,-730.0,16.0,13.5
2008-12-01,2.4,2.0,5977790.0,96.92,98.55,89.19,96.2,,-2.2,-17.9,38.8,,7645.0,101.8,10728.5,19460.3,475166.6,456.0,73375667.35,,101.1999,100.9254,101.8568,20553.106,111157222.0,72177186.0,3248.69,-46.93,4171.77,-730.0,15.5,14.0
2008-12-01,2.4,2.0,5977790.0,96.92,98.55,89.19,96.2,,-2.2,-17.9,38.8,,7645.0,101.8,10728.5,19460.3,475166.6,456.0,73375667.35,,101.1999,100.9254,101.8568,20553.106,111157222.0,72177186.0,3248.69,-46.93,4171.77,-730.0,15.5,13.5
2009-01-01,1.2,-1.1,7540950.0,95.83,97.98,88.04,90.58,,-2.9,-21.3,41.2,,16177.0,101.254904,10756.6,19134.56,496135.3078,258.0,8391730.34,,100.95,100.72,101.5,,90453600.0,51344264.0,6131.61,,,3810.0,,
2009-02-01,1.0,-3.4,5832890.0,94.0,94.4,87.4,88.3,,-17.6,-43.1,45.3,,10715.0,100.974872,9323.8,19120.66,506708.07,377.0,16395692.39,,98.4418,98.1418,99.1614,0,64894649.0,60053658.0,4108.23,-42.09678482,16851.85036253,-3475.0,,
2009-03-01,-1.6,-4.5,8403480.0,93.4,96.51,84.96,88.14,,-25.7,-24.1,49.0,,18920.0,100.321464,9317.6,19537.41,530626.7118,564.0,25255033.63,,98.8286,98.6166,99.3353,13286.2052,90290547.0,71729112.0,4402.21,42.61991258,24738.56553566,760.0,,
2009-04-01,-1.2,-6.0,5891510.0,92.9,96.1,86.0,87.4,,-17.2,-25.1,52.4,,5918.0,100.508152,9343.2,20088.8,540481.2137,554.0,31141696.82,,98.5,98.2743,99.0303,13520.309,91934722.0,78799687.0,5897.15,75.54467045,10567.98552141,-390.0,,
2009-05-01,-1.5,-6.6,6379000.0,92.4,95.8,85.1,87.1,,-22.8,-23.0,53.5,,6669.0,101.16156,10028.4,20894.91,548263.51,489.0,36888469.74,,98.6287,98.4734,98.9988,16438.0207,88757886.0,75369356.0,6569.47,154.46810185,13498.57329078,1020.0,,
2009-06-01,-1.4,-7.2,8960750.0,92.0,95.5,85.2,85.7,,-26.5,-25.2,53.1,,15304.0,100.974872,9941.6,21316.06,568916.2,625.0,44086208.71,,98.3,98.2192,98.5769,24578.0291,95512025.0,87176091.0,6867.47,372.02957701,20131.10825784,1030.0,,
2009-07-01,-1.7,-7.8,5359420.0,92.0,96.3,84.2,85.0,,-21.3,-13.2,53.2,,3691.0,102.118336,9936.5,21746.1791,573102.8517,636.0,49533862.43,,98.1943,98.1006,98.4173,17833.6567,105420240.0,94790583.0,6695.91,110.097104,4057.92902665,1505.0,,
2009-08-01,-1.8,-8.2,7499000.0,92.9,97.3,87.3,83.9,,-23.0,-14.9,53.3,,4104.0,102.701736,10115.6,22108.2688,576698.9535,670.0,55296053.8,,98.7957,98.7177,98.9817,17052.7826,103707009.0,87995234.0,5237.47,192.41127766,3479.92746934,120.0,,
2009-09-01,-1.2,-7.9,7899000.0,94.07,99.97,89.19,87.15,,-23.4,-17.0,54.0,,5167.0,102.79508,10912.8,22725.9517,585405.3373,966.0,62488701.57,,99.2117,99.1144,99.4441,20191.8038,115937994.0,103005871.0,5609.35,176.93080024,9821.91200247,2790.0,,
2009-10-01,-0.8,-7.0,7105000.0,96.3,100.3,97.4,90.1,,-15.3,-3.5,54.3,,2530.0,103.215128,11717.6,23282.72,586643.2887,770.0,68222660.81,,99.47,99.3047,99.8719,17533.1649,110762383.0,86774749.0,6844.93,162.89529077,2921.45779127,-1560.0,,
2009-11-01,-0.5,-5.8,7023000.0,100.39,104.7,108.12,97.49,,-13.9,-6.4,55.2,,2948.0,103.331808,11339.0,23887.8847,594604.7213,1179.0,74639543.1,,100.56,100.4,100.93,17924.448,113653429.0,94560431.0,5029.3,165.61199903,5922.94305853,-2990.0,,
2009-12-01,0.6,-2.1,12139000.0,103.36,107.66,113.83,109.44,,-1.2,26.7,55.2,,3800.0,103.9245424,12610.0,23991.5229,610224.5231,1018.0,81441829.89,,101.8559,101.7677,102.0669,25504.412,130723881.0,112293713.0,5083.9,32.86986598,5295.0287239,-490.0,,
2010-01-01,1.9,1.7,8129000.0,104.48,107.92,114.92,115.83,,17.7,55.9,56.6,,13934.0,104.7,12718.1,24152.21,625609.29,720.0,11896244.21,,101.53,101.4149,101.8067,,109475299.0,95307047.0,8658.66,,,-650.0,16.0,14.0
2010-02-01,1.5,4.3,5895000.0,105.7,111.11,113.44,119.16,,21.0,85.5,55.8,,6999.0,104.2,12334.2,24245.9067,636072.2646,625.0,23165704.01,,102.6953,102.6099,102.8942,0,94522714.0,86910333.0,4944.97,97.26039587,9729.21551054,5220.0,16.5,14.5
2010-03-01,2.7,5.4,9419000.0,105.6,108.3,115.4,117.7,,45.6,44.7,52.0,,5107.0,107.9,11321.7,24470.84,649947.4643,1038.0,35132268.12,,102.3707,102.2585,102.6351,16778.6579,112111793.0,119348092.0,6023.44,97.04042242,15759.54051523,-7030.0,,
2010-04-01,2.4,5.9,7346110.0,106.6,110.0,115.6,117.6,,24.2,66.0,55.1,,7740.0,106.6,11510.4,24905.12,656561.217,1132.0,42694603.0,,102.8136,102.7141,103.0466,16950.0645,119920666.0,118239462.0,7925.66,51.7512028,11209.8481449,-4370.0,,
2010-05-01,2.8,6.8,8132030.0,107.1,112.0,116.8,117.3,,30.4,49.7,55.7,,6493.0,108.0,12455.0617,24395.0578,663351.37,1143.0,50310066.55,,103.0613,102.914,103.3085,20615.548,131760663.0,112227749.0,7917.66,-13.92005063,10716.09879478,1230.0,17.0,15.0
2010-06-01,3.1,7.1,12508630.0,106.6,112.5,115.5,113.5,,48.5,48.3,53.9,,6027.0,108.5,12329.9,24542.748,673921.7239,1300.0,59110611.37,,102.9499,102.8372,103.2174,30689.0823,137395578.0,117373726.0,7879.4,-3.13783514,13959.37910038,5170.0,,
2010-07-01,2.9,6.4,6923860.0,105.9,112.6,113.5,108.4,,43.9,34.1,52.1,,5327.0,107.8,12252.8,25388.94,674051.4789,1237.0,66221248.02,,103.3042,103.2234,103.4942,21818.8682,145519322.0,116788934.0,7783.18,-56.27059582,1685.76180484,90.0,,
2010-08-01,3.3,4.8,7602370.0,106.0,113.9,111.2,108.0,,38.0,22.7,51.2,,5446.0,107.3,12569.8,25478.38,687506.9183,1254.0,73807419.12,,103.4794,103.3894,103.6951,21131.497,139302230.0,119266152.0,5619.35,31.6137,11234.1923,-2100.0,,
2010-09-01,3.5,4.3,8383830.0,106.1,112.0,111.4,106.4,,34.3,35.2,51.7,,6004.0,104.1019,13536.5,26483.03,696471.5,1302.0,82625742.51,,103.6056,103.5003,103.8626,24871.8305,144985285.0,128110304.0,6287.19,134.2689,14964.0888,-220.0,,
2010-10-01,3.6,4.3,7663170.0,107.8,115.6,110.8,107.3,,25.1,24.1,53.8,,5877.0,103.7519,14284.8,27608.99,699776.7409,1045.0,90400934.15,,104.3655,104.2448,104.6596,21686.5294,135978419.0,108832701.0,7860.31,58.8534,1968.2901,830.0,,
2010-11-01,4.4,5.0,9704000.0,108.6,117.9,112.8,107.4,,22.9,25.3,54.7,,5689.0,102.8884,13910.9,27678.09,710339.025,1318.0,97882419.26,,105.1192,104.9196,105.6095,23141.7207,153325762.0,130435945.0,5840.69,84.6324,5888.3704,1075.0,17.5,15.5
2010-11-01,4.4,5.0,9704000.0,108.6,117.9,112.8,107.4,,22.9,25.3,54.7,,5689.0,102.8884,13910.9,27678.09,710339.025,1318.0,97882419.26,,105.1192,104.9196,105.6095,23141.7207,153325762.0,130435945.0,5840.69,84.6324,5888.3704,1075.0,17.5,16.0
2010-11-01,4.4,5.0,9704000.0,108.6,117.9,112.8,107.4,,22.9,25.3,54.7,,5689.0,102.8884,13910.9,27678.09,710339.025,1318.0,97882419.26,,105.1192,104.9196,105.6095,23141.7207,153325762.0,130435945.0,5840.69,84.6324,5888.3704,1075.0,18.0,15.5
2010-11-01,4.4,5.0,9704000.0,108.6,117.9,112.8,107.4,,22.9,25.3,54.7,,5689.0,102.8884,13910.9,27678.09,710339.025,1318.0,97882419.26,,105.1192,104.9196,105.6095,23141.7207,153325762.0,130435945.0,5840.69,84.6324,5888.3704,1075.0,18.0,16.0
2010-12-01,5.1,6.1,14028240.0,107.9,115.1,114.5,105.6,,34.9,37.7,55.2,,4807.0,100.4,15329.5,28473.38,725851.79,1576.0,105008832.08,,104.5859,104.3887,105.0711,30717.1047,154148895.0,141068833.0,6339.49,164.0054,9101.3791,2030.0,18.5,16.5
2011-01-01,4.6,5.9,10027550.0,108.0,118.2,112.7,106.2,9.8,17.9,25.6,53.9,,10263.0,99.9,15249.0,29316.74,733884.8297,1707.0,12239004.44,,104.9121,104.8075,105.2294,,150734151.0,144273210.0,11497.38,,,4540.0,19.0,16.5
2011-02-01,4.9,6.6,7795390.0,108.7,119.5,115.0,106.5,,37.6,51.6,52.9,,5377.0,99.6214,13769.1,29913.86,736130.8633,1385.0,23464237.91,,104.9443,104.7538,105.5151,0,96736124.0,104042224.0,6997.01,52.7446,13390.7497,3410.0,19.5,17.0
2011-03-01,4.9,7.2,12516620.0,109.3,120.2,114.5,108.3,,2.3,19.9,52.2,,6794.0,107.5994,13588.0,30446.74,758130.88,2074.0,34415065.94,,105.383,105.2248,105.8572,22020.7489,152199071.0,152060308.0,7631.35,87.1374,27323.9732,-2710.0,20.0,18.0
2011-04-01,5.4,7.3,8463930.0,108.5,116.8,112.3,109.1,9.7,35.8,27.3,53.4,,7430.0,106.6,13649.0,31458.43,757384.5619,1768.0,41125141.15,,105.3442,105.1774,105.8453,23251.3172,155684084.0,144263081.0,10082.06,75.3897,3361.0625,2960.0,20.5,18.5
2011-05-01,5.3,6.8,9224510.0,108.8,115.1949,110.8471,109.6294,,29.8,21.8,52.9,,5516.0,105.8,14696.8,31659.97,763409.2151,1962.0,47873861.97,,105.5146,105.3458,106.0216,27538.2876,157157191.0,144110223.0,10612.26,129.6205,11114.67692508,2060.0,21.0,19.0
2011-06-01,5.5,6.8,12862810.0,109.5,117.8,112.6,110.9,,19.3,28.4,52.0,,6339.0,108.1,14565.1,31974.9082,780820.85,2227.0,56122836.66,,106.3553,106.1535,106.9611,34312.1662,161980774.0,139708198.0,10055.76,37.8438,20180.79777492,4160.0,21.5,19.5
2011-07-01,6.4,7.1,8296190.0,109.7,116.8,113.4,111.8,9.5,17.9,19.3,50.9,,4916.0,105.6,14408.0,32452.83,772923.65,2156.0,62330336.26,,106.4508,106.2412,107.0641,27853.1757,175128036.0,143644427.0,9864.1,1.3286,-7334.852,-110.0,,
2011-08-01,6.5,7.5,8447000.0,108.9,113.5,114.8,111.9,,20.4,22.9,50.7,,5484.0,105.0,14705.0,32624.99,780852.3021,2164.0,68808992.48,,106.1514,105.9423,106.6587,28187.7602,173315697.0,155556739.0,7546.37,58.6208,7462.8104,1670.0,,
2011-09-01,6.2,7.3,9044570.0,108.4,114.5,114.6,111.7,,24.4,30.2,50.9,,4693.0,103.37,15865.1,32016.83,787406.2038,2292.0,76496663.74,,106.0671,105.9049,106.5528,31666.3758,169673012.0,155159080.0,7377.05,160.566,7192.251,2360.0,,
2011-10-01,6.1,6.5,8333580.0,105.8685,110.9689,110.2183,110.3239,9.1,17.0,20.9,51.2,,5868.0,100.47,16546.4,32737.96,816829.2489,2291.0,82864674.25,,105.4954,105.3705,105.8692,29091.0947,157490772.0,140457698.0,9188.34,65.339,-1855.934,890.0,,
2011-11-01,5.5,5.0,8756850.0,103.2,104.3,104.6,108.5,,15.7,28.7,50.4,,5629.0,97.03,16128.9,32209.07,825493.9445,2331.0,89368315.79,,104.2246,104.1857,104.3409,28087.0339,174464123.0,159935995.0,6457.32,7.6858,3557.1972,1580.0,,
2011-12-01,4.2,2.7,12242000.0,102.2743,104.7056,100.7426,108.9498,,13.8,22.1,49.0,,6406.0,100.46,17739.7,31811.48,851590.9,1982.0,95600039.46,,104.0704,104.0573,104.1098,32480.7296,174717651.0,158196889.0,6431,75.5625,14653.2615,-1740.0,21.0,19.0
2012-01-01,4.1,1.7,9997000.0,101.3,103.5,99.8,107.0,8.9,13.3,11.8,50.3,,7381.0,103.92,,32536.31,855898.89,1880.0,13795971.67,2400.6,104.5485,104.5378,104.5808,,149939113.0,122661227.0,12912.58,,,3090.0,,
2012-02-01,4.5,0.7,7725590.0,100.6,101.0,99.0,106.5,,-0.6,-15.3,50.5,,7107.0,105.016,,33096.57,867171.42,2376.0,24295099.38,2998.9,103.1613,103.161,103.163,0,114470693.0,145954014.0,8005.7,83.5064,17658.6057,-2430.0,20.5,18.5
2012-03-01,3.2,0.0,11756950.0,100.3,101.3,98.3,106.4,,18.3,39.6,51.0,,10114.42,100.044,15650.2,33049.71,895565.5,2593.0,34799439.88,3958.6,103.5856,103.5879,103.5791,26676.5725,165658100.0,160310799.0,9057.97,150.5464,31109.4467,-720.0,,
2012-04-01,3.6,-0.3,8401420.0,99.9,101.3,97.8,105.4,8.1,8.8,5.3,53.1,,6817.79,103.0,15603.1,32989.13,889604.04,2310.0,41069818.91,3528.7,103.3653,103.3778,103.3278,27726.2027,163251712.0,144824524.0,10774,15.2163,-3286.1772,2530.0,,
2012-05-01,3.4,-0.7,9229040.0,98.9,100.8,97.1,102.9,,4.8,0.3,53.3,,7932.32,104.179,16714.8,32061.09,900048.77,2587.0,48040298.25,3586.8,103.0008,103.0341,102.9015,33332.6105,181140762.0,162441440.0,12004.77,47.8823,13262.5062,-440.0,20.0,18.0
2012-06-01,3.0,-1.4,11979000.0,97.5,96.9,95.2,100.3,,15.3,12.7,50.4,,9198.17,99.3,16584.9,32400.05,924991.2,2586.0,57285289.55,3017.7,102.1504,102.2014,101.9985,41785.8491,180204470.0,148482365.0,11040.25,164.6543,30268.4968,2940.0,,
2012-07-01,2.2,-2.1,7580000.0,96.3,95.5,94.3,97.6,7.6,11.1,6.3,50.2,,5401.21,98.2,16314.9,32399.52,919072.4019,2819.0,63457511.55,3875.0,101.8,101.879,101.4815,33601.72,176940032.0,151793278.0,10671.73,11.0176,-4516.1046,840.0,,
2012-08-01,1.8,-2.9,8325000.0,96.1043,98.2368,91.9786,97.1779,,1.0,4.7,50.1,,7039.45,99.4094,16658.9,32729.01,924894.5865,3191.0,70600947.91,4091.6,102.0,102.1284,101.7968,33646.2919,177973297.0,151312746.0,7863,117.2399,5264.3741,3440.0,,
2012-09-01,2.0,-3.5,8429000.0,96.2,96.9,90.4,98.5,,21.8,-2.6,49.2,,6226.23,100.843,18227.0,32850.95,943688.7534,3098.0,79259895.96,5202.5,101.9,101.9937,101.6714,38974.9281,186349509.0,158680480.0,8258.37,278.2333,16447.1443,3860.0,,
2012-10-01,1.9,-3.6,8313000.0,97.3,96.4,93.0,99.6,7.4,,2.4,49.8,,5053.71,106.06,18933.8,32874.2558,936404.2792,2559.0,85729593.05,3935.9,101.7,101.7944,101.516,35608.9951,175571102.0,143524416.0,10443.63,204.3479,-2731.4959,2390.0,,
2012-11-01,1.7,-2.8,8286000.0,97.99,99.68,95.07,99.45,,,2.4,50.2,,5220.37,105.1,18476.7,32976.7139,944832.4,3531.0,92527480.99,4216.2,102.0,102.0743,101.9255,33694.1782,179380767.0,159747492.0,7871.3,165.9403,4574.4676,-2070.0,,
2012-12-01,2.0,-2.2,11694000.0,98.4,101.9,96.8,98.0,,,0.0,50.6,,4546.08,103.7,20334.2136,33115.8923,974148.8,3661.0,99578863.13,4966.9,102.5,102.514,102.548,38598.8938,199229682.0,167611245.0,8306.7,236.19651323,15370.34706127,950.0,,
2013-01-01,2.5,-1.9,9270000.0,98.9,103.0,97.8,98.3,7.9,,6.0,50.6,,10721.0,104.5,,34100.61,992129.25,3793.0,13772043.9,4764.6,102.0,101.9791,102.1834,,187288000.0,159198000.0,13655.86,,,-3000.0,,
2013-02-01,2.0,-1.6,8214000.0,98.9,105.1,98.1,98.1,,,28.8,50.4,,6200.0,108.2,,33954.18,998600.83,2942.0,24022498.36,2079.2,103.2,103.1935,103.2976,0,139304000.0,124422000.0,8770.28,182.8178,8188.2151,-2530.0,,
2013-03-01,3.2,-1.6,12420700.0,98.3,101.56,97.95,97.33,,,-15.2,50.1,,10625.0,102.6,17641.2,34426.49,1035858.37,3590.0,35671976.5,6394.2,102.1,102.0283,102.1948,32416.3577,182102000.0,183008000.0,9607.75,240.5383,43681.969,-1530.0,,
2013-04-01,2.1,-1.9,8435300.0,97.9,103.5,96.4,95.0,7.7,10.0,14.1,50.9,,7923.0,103.7,17600.0,35344.82,1032551.903,3286.0,43300269.84,5545.9,102.4,102.3694,102.4381,33226.9014,186931000.0,168569000.0,11430.81,135.6142,-1114.6715,980.0,,
2013-05-01,2.4,-2.6,9255000.0,97.7,102.4,96.5,94.2,,14.7,16.8,50.6,,6694.0,99.0,18886.3,35148.074,1042169.16,3537.0,50865457.9,5908.1,102.0981,102.0506,102.2423,39891.4722,182680000.0,162021000.0,12749.3,57.5877,14486.8067,1300.0,,
2013-06-01,2.1,-2.9,14389000.0,98.1,104.4,95.8,95.6,,1.0,-0.3,50.8,,8628.0,97.0,18826.6826,34966.86,1054403.69,3513.0,62424998.66,4248.8,102.7,102.6198,102.8154,50106.9505,174235000.0,146968000.0,12376.52,21.5761,16047.1252,3050.0,,
2013-07-01,2.7,-2.7,9408000.0,98.84,106.09,95.67,97.79,7.5,-3.1,-0.7,50.1,52.4,6997.0,97.2,18513.1615,35478.1,1052212.34,3964.0,69393292.89,5420.8,102.7,102.5937,102.9163,40404.632,185915000.0,168157000.0,11848.61,-187.4013,-3621.7733,1242.0,,
2013-08-01,2.7,-2.3,8378000.0,99.31,105.31,97.96,98.26,,5.1,10.9,50.3,52.9,7128.0,97.8,18886.2,35530.43,1061256.43,3801.0,76753748.81,5078.2,102.6,102.46289992,102.87844396,40855.8493,190493000.0,162359000.0,8588.17,-58.334513,8656.02784728,2150.0,,
2013-09-01,2.6,-1.6,8839000.0,99.6,106.7,99.7,98.2,,7.2,7.0,51.0,53.3,7870.0,99.8,20653.33769403,36626.62,1077379.163,3978.0,85957449.73,4371.9,103.1,102.98603788,103.2502875,46629.4926,185313000.0,170560000.0,9361.73,144.59856211,17042.75877661,160.0,,
2013-10-01,3.1,-1.3,8417000.0,99.7,108.1,99.1,97.9,7.8,-0.3,7.4,51.1,53.6,5060.0,102.9,21491.3,37365.87,1070242.167,3565.0,93233389.03,3997.3,103.2,103.16645302,103.3256054,42461.6753,185294000.0,154259000.0,12136.41,8.64406044,-4211.46903012,-404.0,,
2013-11-01,3.2,-1.5,8480000.0,99.6,106.8,98.7,97.9,,5.6,7.6,51.4,53.0,6246.0,98.9,21011.9,37894.51,1079257.055,4223.0,100487592.89,4567.1,103.0,102.99406321,103.09175075,39613.2778,202083000.0,168330000.0,9124.96,19.8173181,5608.52906066,560.0,,
2013-12-01,3.0,-1.4,12080000.0,99.3,103.7,98.0,98.5,,12.7,5.3,51.4,52.4,4825.0,102.3,23059.7,38213.15,1106524.98,4401.0,107409258.64,5339.4,102.49871692,102.49780555,102.50377614,45245.1687,207367000.0,182139000.0,9492.6,83.17156226,10712.59578595,-840.0,,
2014-01-01,2.5,-1.4,10763000.0,98.6,100.6,97.1,98.4,7.7,4.3,8.3,51.0,51.5,13190.0,101.1,,38666.4062,1123521.21,4561.0,25899802.92,3984.7,102.5,102.57529485,102.22340379,,207037000.0,175014000.0,15434.54,,,4500.0,,
2014-02-01,2.5,-1.6,8547000.0,97.7,99.5,95.8,96.7,,10.6,10.0,50.5,51.9,6448.0,103.1,,39137.3922,1131760.83,4061.0,38636936.56,2143.4,102.0,102.05117051,101.65605322,0,114052000.0,136621000.0,9487.98,212.9400956,20621.16112316,-7180.0,,
2014-03-01,2.0,-2.0,12239000.0,97.61,100.91,94.59,96.24,,-18.1,10.1,50.2,53.0,10497.0,107.9,19800.55336736,39480.9654,1160687.38,5174.0,51442871.76,3953.3,102.4,102.4861238,102.08346682,38038.6851,170002000.0,162017000.0,10103.21,222.06368951,37694.67993812,-2560.0,,
2014-04-01,2.4,-2.3,8720000.0,97.8,98.0,95.4,97.0,7.4,-6.6,-11.3,50.3,57.7,7745.0,104.8,19701.2,39787.9516,1168812.67,5021.0,58657763.03,4071.2,101.80138144,101.8586462,101.63062857,38756.1186,188450000.0,169786000.0,12481.26,30.14092809,-5174.9660535,10.0,,
2014-05-01,1.8,-2.0,8640000.0,98.6,100.7,96.1,98.5,,0.9,0.8,50.4,55.2,8708.0,102.3,21249.8,39838.90411,1182293.96,4992.0,66624315.32,3646.9,102.5,102.52707952,102.32896825,46638.653,195596000.0,159357000.0,13669.98,-26.29680968,16031.08739503,1640.0,,
2014-06-01,2.5,-1.4,14417000.0,98.9,100.1,96.5,99.0,,7.0,-1.6,50.8,56.7,10793.0,104.7,21166.44957589,39932.1272,1209587.2,5366.0,76713036.85,4245.1,102.3,102.40043053,102.14450398,59053.9625,186756000.0,154862000.0,13461.05,57.93806337,39508.74835807,2040.0,,
2014-07-01,2.3,-1.1,7813000.0,99.1,99.7,97.3,99.4,7.5,7.2,5.5,51.0,56.8,3852.0,104.4,20775.79201514,39662.67,1194249.24,5602.0,84163140.13,4233.0,102.3,102.33360791,102.14082116,46722.4645,212744000.0,165391000.0,12661.58,-27.38213385,-18815.90122078,1290.0,,
2014-08-01,2.3,-0.9,7205000.0,98.6,99.7,95.0,98.4,,14.5,-1.6,51.7,54.1,7025.0,103.8,21133.93086289,39688.25,1197499.08,5576.0,92794079.65,3027.5,102.0,102.0357036,101.85752249,46293.5683,208330000.0,158453000.0,9109.4,-32.70605166,2014.30682656,500.0,,
2014-09-01,2.0,-1.2,9010500.0,97.64,98.28,92.37,96.13,,9.4,-2.4,51.1,56.4,8572.0,105.4,23042.4338381,38877.0,1202051.41,6218.0,103126049.45,3592.6,101.6,101.69587079,101.42408768,52000.7029,213562000.0,182348000.0,9952.77,-82.29140134,8011.69085781,-60.0,,
2014-10-01,1.6,-1.8,8526500.0,96.9,97.2,91.6,94.8,7.3,15.3,7.0,51.1,54.9,5483.0,103.4,23967.24223381,38529.1824,1199236.314,5307.0,111283846.1,3359.7,101.60114868,101.65972297,101.42668417,48373.4197,206771000.0,161072000.0,13280.2,-116.52809249,-2461.00144682,260.0,,
2014-11-01,1.6,-2.2,10360000.0,96.4,97.0,90.9,92.9,,11.6,4.6,50.8,56.5,8527.0,105.5,23474.70150865,38473.5402,1208605.95,5601.0,119404078.55,4454.3,101.4,101.49583782,101.27109268,44906.974,211563000.0,156798000.0,9952.91,-4.28925364,6388.82803156,450.0,,
2014-12-01,1.4,-2.7,13321000.0,95.6,97.5,90.3,89.8,,4.7,-6.7,50.3,57.5,6973.0,105.8,25801.31491075,38430.1794,1228374.807,6540.0,126902846.51,4511.0,101.5,101.56815491,101.31928959,50937.3229,227430000.0,177514000.0,10755.12,88.21544858,5996.70055018,350.0,,
2015-01-01,1.5,-3.3,13923000.0,94.4,97.2,88.5,86.0,7.3,9.7,-2.4,50.1,56.3,14707.88398,105.7,,38134.1378,1242710.2185386,6381.0,31135529.93,4706.1,100.8,100.80303171,100.64689323,,199876000.0,140561000.0,16203.42,,,1050.0,,
2015-02-01,0.8,-4.3,8561000.0,94.2,99.1,87.4,84.4,,-3.3,-19.9,49.8,54.9,11436.98154,109.8,,38015.0251,1257380.4784755,5551.0,46205553.22,2452.6,101.4,101.50236523,101.21854744,0,168947000.0,108485000.0,9513.08,-77.72252142,407.56511002,1530.0,19.5,17.5
2015-03-01,1.4,-4.8,12399000.0,94.6,99.8,87.5,85.3,,48.3,-20.5,49.9,58.0,9919.861996,107.1,22722.81493407,37300.3795,1275332.78,7606.0,63219435.61,3746.1,101.4,101.42203159,101.23761178,43033.8407,144235000.0,141719000.0,10690.62,107.9043009,26783.57248279,-2080.0,,
2015-04-01,1.4,-4.6,9611000.0,94.7,101.3,87.3,85.8,7.0,-15.0,-12.7,50.1,58.6,8045.060387,107.6,22386.71435201,37481.42,1280779.14,7898.0,72103103.07,4520.1,101.5,101.56520309,101.34128374,42467.2505,175902000.0,142701000.0,13502.09,52.39749069,7456.94044705,-500.0,18.5,16.5
2015-05-01,1.5,-4.6,9335000.0,94.5,100.1,88.4,86.3,,-6.4,-16.2,50.1,58.0,8510.181814,109.9,24194.82306321,37111.43,1307357.63,6932.0,81780426.45,4432.6,101.2,101.29468655,101.03993984,51266.8991,188800000.0,131646000.0,14355.49,-1.96622033,31515.26869328,0.0,,
2015-06-01,1.2,-4.6,14582000.0,94.2,100.4,88.8,87.2,,-2.5,-17.6,50.2,55.7,13239.5588,105.54,24280.2708775,36938.38,1333375.36453853,7073.0,94335648.44,3812.0,101.4,101.44911454,101.21719438,65886.4629,189545000.0,144347000.0,15335.24,14.24347935,29491.6048689,850.0,,
2015-07-01,1.4,-4.8,8220000.0,93.3,101.7,87.6,86.2,7.0,2.8,-6.1,50.2,52.2,5890.468935,104.48,24338.77761836,36513.0989,1353210.92482599,7019.0,104533206.62,4491.5,101.6,101.70447176,101.47685248,51336.6384,193161000.0,151292000.0,14249.36,157.50432686,19214.76608408,50.0,,
2015-08-01,1.6,-5.4,8712000.0,93.0,102.1,87.4,84.4,,-8.3,-8.1,50.0,52.0,7755.919617,104.0,24893.36474237,35573.81,1356907.98,6385.0,115003540.46,4738.4,102.0,102.01732098,101.7708111,50508.8568,196161000.0,136473000.0,9671.33,-20.39197324,3997.60282828,2100.0,,
2015-09-01,2.0,-5.9,9560000.0,92.7,101.8,88.2,83.2,,-5.5,-13.8,49.7,52.2,10417.24486,105.6,25270.6,35141.2,1359824.06,6827.0,127776274.94,4220.3,101.59560463,101.64321672,101.45358637,55553.6765,204923000.0,145317000.0,10891.86,-504.9944048,-4342.66769834,-1800.0,18.0,16.0
2015-10-01,1.6,-5.9,8773000.0,92.6,101.3,88.8,83.4,6.9,-3.7,-20.4,49.8,53.5,5573.755665,103.8,28278.88962318,35255.07,1361020.70462698,6110.0,138203814.74,3720.6,101.3,101.3,101.2,52893.8436,192189000.0,130903000.0,14435.08,-173.50414563,5616.99090188,-1000.0,17.5,15.5
2015-11-01,1.3,-5.9,10361000.0,92.3,101.3,88.1,84.2,,-6.9,-18.8,49.8,54.2,8872.90243,104.1,27937.34583446,34382.84,1373956.01,6887.0,148405345.21,5322.2,101.5,101.5,101.3,49757.2674,196593000.0,142616000.0,11087.38,-262.41713905,13272.04873188,100.0,,
2015-12-01,1.5,-5.9,12230000.0,92.7,103.4,87.6,84.9,,-6.8,-8.7,49.6,55.0,8323.083231,103.7,28635.0,33303.62,1392278.10919881,7394.0,158591310.46,5647.5,101.6,101.7,101.5,54407.8512,223136000.0,163506000.0,12282.05,-103.85133202,35.56788744,-200.0,,
2016-01-01,1.6,-5.9,14070000.0,93.4,104.7,88.2,85.5,6.8,-1.4,-7.6,49.7,53.3,25370.07022,104.0,,32308.93,1416319.55,7133.0,53971922.18,4940.0,101.8,101.8,101.5,,169399000.0,112547000.0,17166.3,,,12350.0,,
2016-02-01,1.8,-5.3,8447000.0,93.9,105.6,89.7,85.7,,-11.2,-18.8,49.4,50.0,8105.442309,104.4,,32023.21,1424618.67792204,5856.0,75682280.0,2222.3,102.3,102.3,102.2,0,121707000.0,93558000.0,10218.5,-67,8970.91190192,650.0,,
2016-03-01,2.3,-4.9,12898000.0,94.9,106.8,93.4,85.5,,-25.4,-13.8,49.0,52.9,13175.5618,100.0,25114.0,32125.79,1446198.03,8163.0,96406746.02,4468.4,102.3,102.3,102.2,47835,155098000.0,130188000.0,11511.2,-80,25309.55911124,-10250.0,17.0,15.0
2016-04-01,2.3,-4.3,9888000.0,96.0,106.9,95.5,86.7,6.7,11.5,-7.6,50.2,54.2,5642.052719,101.0,24646.0,32196.68,1445209.59,7530.0,109637475.61,4254.9,102.3,102.3,102.4,46749,166689000.0,126829000.0,15523,-107,8362.43416613,2950.0,,
2016-05-01,2.3,-3.4,8887000.0,96.2,105.3,95.0,89.1,,-1.8,-10.9,50.1,54.2,9374.267688,99.8,26611.0,31917.36,1461695.11,7848.0,123025075.64,5017.0,102.0,102.0,102.1,55079,175710000.0,130867000.0,15460.8,-180,18526.34970322,-1550.0,,
2016-06-01,2.0,-2.8,15227000.0,96.6,103.4,94.7,90.2,,-4.1,-0.4,50.1,55.5,13141.10751,102.9,26857.0,32051.62,1490491.83,8212.0,141807424.8,4455.7,101.9,101.9,101.9,70689,176605000.0,131262000.0,15634,50,24808.17195478,5350.0,,
2016-07-01,1.9,-2.6,7709000.0,97.89,101.42,97.48,91.7,6.7,-4.8,-8.4,50.0,54.8,4550.223157,106.8,26827.0,32010.57,1491558.72,7861.0,154885050.41,5086.5,101.8,101.8,101.5,53334,180659000.0,132312000.0,14770.2,-52,4488.93908996,-1662.0,,
2016-08-01,1.8,-1.7,8755000.0,98.69,100.05,99.82,94.06,,-4.4,-12.5,49.9,54.3,7969.196206,105.6,27540.0,31851.67,1510982.91,8570.0,169283811.13,4756.6,101.3,101.4,101.0,54645,188831000.0,138734000.0,9894.1,298,18147.17794139,1720.0,,
2016-09-01,1.3,-0.8,9213000.0,100.2,101.6,101.5,98.6,,-2.8,1.5,50.4,59.0,12628.06365,104.6,27976.0,31663.82,1516360.5,8324.0,183433395.31,4773.2,101.9,102.0,101.6,60567,183440000.0,143010000.0,11221.9,-52,1088.83412064,4600.0,,
2016-10-01,1.9,0.1,8812000.0,101.7,103.3,102.2,101.9,6.7,-10.0,-1.9,50.4,59.2,6010.330601,107.2,31119.0,31206.55,1519485.4,7067.0,194999860.4,4231.8,102.1,102.2,101.8,57523,176836000.0,128671000.0,15359.1,-41,13862.77124396,4414.0,,
2016-11-01,2.1,1.2,9887000.0,104.5,104.6,107.3,106.3,,-7.3,-1.4,51.2,59.3,8463.262045,108.6,30959.0,30515.98,1530432.06,8874.0,205710888.98,5452.1,102.3,102.3,102.0,54119,193561000.0,150477000.0,11490.9,20,9114.50384099,150.0,,
2016-12-01,2.3,3.3,12208000.0,106.8,103.5,112.3,111.2,,0.1,6.7,51.7,56.0,9942.78798,108.4,31757.0,30105.17,1550066.66781086,9501.0,216928108.22,6316.4,102.1,102.1,101.9,57953,209097000.0,169470000.0,11302,-166,2636.03109457,-1450.0,,
2017-01-01,2.1,5.5,11998000.0,108.5,104.5,115.2,117.7,6.8,-6.2,3.1,51.4,52.5,23132.85478,109.2,,29982.04,1584194.56383135,9340.0,75173170.76,4686.4,102.5,102.6,102.2,,180273000.0,131596000.0,20208.1,,,3850.0,,
2017-02-01,2.5,6.9,8706000.0,109.3,100.1,117.1,121.5,,7.9,16.7,51.3,53.2,10317.31825,112.6,,30051.24,1589856.99535048,9012.0,102483968.86,2955.9,100.8,100.9,100.6,0,118848000.0,129787000.0,11245.4,199,25010.55348217,-8100.0,,
2017-03-01,0.8,7.8,13108000.0,108.4,97.7,115.8,120.6,,-1.3,38.1,51.6,55.4,11586.05628,111.0,27864.0,30090.88,1607938.98002212,11653.0,132308008.34,4187.1,100.9,101.0,100.6,52399,179248000.0,156541000.0,12912.5,65,14209.69399455,-6000.0,,
2017-03-01,0.8,7.8,13108000.0,108.4,97.7,115.8,120.6,,-1.3,38.1,51.8,55.4,11586.05628,111.0,27864.0,30090.88,1607938.98002212,11653.0,132308008.34,4187.1,100.9,101.0,100.6,52399,179248000.0,156541000.0,12912.5,65,14209.69399455,-6000.0,,
2017-04-01,0.9,7.6,8920000.0,106.8,97.2,112.2,118.6,6.9,16.4,20.3,51.2,58.2,10805.68806,113.4,27278.0,30295.33,1603918.84024284,10385.0,145101335.09,4112.8,101.2,101.3,100.8,50550,177763000.0,141251000.0,16784.2,-55,2945.4247768,2100.0,,
2017-05-01,1.2,6.4,8113000.0,106.2,97.0,110.2,114.2,,8.0,11.9,51.2,57.7,11780.35896,112.0,29459.0,30535.67,1609740.77375527,11498.0,159873819.73,3737.0,101.5,101.7,101.1,59391,189088000.0,149166000.0,16073.4,-112,10952.05509146,200.0,,
2017-06-01,1.5,5.5,14801000.0,106.1,98.2,110.2,110.7,,8.7,14.8,51.7,55.8,14474.35431,113.3,29808.0,30567.89,1639497.04513491,13388.0,178642444.78,4178.6,101.5,101.7,101.0,76887,194755000.0,153537000.0,17082.4,126,26704.14362146,400.0,,
2017-07-01,1.5,5.5,6495000.0,105.8,98.7,109.3,109.2,6.9,11.3,17.2,51.4,53.8,9151.560003,114.6,29610.0,30807.2,1636341.10524859,12282.0,191719619.62,4304.9,101.4,101.5,101.0,56804,192119000.0,147269000.0,16456.5,52,7892.62,4700.0,,
2017-08-01,1.4,5.5,9363000.0,106.7,99.8,111.8,111.0,,7.2,11.0,51.7,53.5,11466.15297,117.6,30330.0,30915.27,1652947.30031106,14312.0,207530582.69,4122.6,101.8,101.9,101.5,56741,198043000.0,157997000.0,10652.4,-52,12158.26,-5200.0,,
2017-09-01,1.8,6.3,10585000.0,106.9,99.1,111.8,109.9,,5.5,13.3,52.4,54.3,11884.84372,121.9,30870.0,31085.1,1663666.05438742,13655.0,226403764.32,4418.6,101.6,101.7,101.4,64328,197944000.0,170567000.0,12714,-164,3745.31814762,-300.0,,
2017-10-01,1.6,6.9,9034000.0,106.8,99.7,111.2,108.6,6.8,8.1,18.6,51.6,54.0,6635.249415,127.6,34241.0,31092.13,1662449.96019881,11677.0,237990420.43,3818.1,101.9,101.9,101.7,59340,187903000.0,151004000.0,16234.1,65,10870.23185238,8300.0,,
2017-11-01,1.9,6.9,18787000.0,105.3,98.5,107.6,107.1,,6.9,17.2,51.8,58.6,11428.46132,124.6,34108.0,31192.77,1679156.63613009,14718.0,249142136.05,4325.1,101.7,101.8,101.5,57239,215839000.0,177405000.0,11385,104,15745.7209629,5000.0,,
2017-12-01,1.7,5.8,11125000.0,104.4,98.6,105.6,105.7,,12.3,17.7,51.6,56.6,5769.490608,125.9,34734.0,31399.49,1690235.31468079,14121.0,260156726.32,4261.2,101.8,101.9,101.7,56627,231523000.0,177672000.0,10819,47,-8050.56895823,-5600.0,,
2018-01-01,1.8,4.9,12074000.0,103.9,97.8,105.6,104.8,6.8,10.9,4.5,51.3,54.2,26850.25463,122.3,,31614.57,1720814.46207142,16161.0,56004130.37,3906.4,101.5,101.5,101.5,,199469000.0,181151000.0,23621.1,,,-7900.0,,
2018-02-01,1.5,4.3,8988000.0,103.4,100.8,103.9,104.9,,11.1,36.9,50.3,50.0,10199.48584,124.0,,31344.82,1729070.11807809,12131.0,77571055.23,1812.2,102.9,103.0,102.7,0,170549000.0,138345000.0,12932.3,75,-3046.63797574,3400.0,,
2018-03-01,2.9,3.7,13447000.0,102.7,99.5,101.6,103.9,,44.5,6.3,51.5,53.4,11424.56835,122.3,29194.0,31428.2,1739859.47770953,15545.0,109939592.25,3018.5,102.1,102.1,101.9,56137,173900000.0,179694000.0,13992.6,-223,14819.84591297,-5100.0,,
2018-04-01,2.1,3.1,9091000.0,102.8,98.2,102.3,104.7,6.8,-2.7,14.4,51.4,54.6,10987.35054,122.9,28542.0,31248.52,1737683.72947489,13644.0,125368968.1,3425.1,101.8,101.8,101.7,53595,198936000.0,172719000.0,18473,41,4370.48906349,-800.0,16.0,14.0
2018-05-01,1.8,3.4,9059000.0,103.6,99.5,104.2,106.8,,12.7,21.5,51.9,56.1,11396.18357,122.9,30359.0,31106.23,1743063.7923233,14219.0,141417098.13,3783.6,101.8,101.8,101.7,61685,211592000.0,188177000.0,17631,-45,12787.3063333,6300.0,,
2018-05-01,1.8,3.4,9059000.0,103.6,99.5,104.2,106.8,,12.7,0.0,51.9,56.1,11396.18357,122.9,30359.0,31106.23,1743063.7923233,14219.0,141417098.13,3783.6,101.8,101.8,101.7,61685,211592000.0,188177000.0,17631,-45,12787.3063333,6300.0,,
2018-05-01,1.8,3.4,9059000.0,103.6,99.5,104.2,106.8,,0.0,21.5,51.9,56.1,11396.18357,122.9,30359.0,31106.23,1743063.7923233,14219.0,141417098.13,3783.6,101.8,101.8,101.7,61685,211592000.0,188177000.0,17631,-45,12787.3063333,6300.0,,
2018-05-01,1.8,3.4,9059000.0,103.6,99.5,104.2,106.8,,0.0,0.0,51.9,56.1,11396.18357,122.9,30359.0,31106.23,1743063.7923233,14219.0,141417098.13,3783.6,101.8,101.8,101.7,61685,211592000.0,188177000.0,17631,-45,12787.3063333,6300.0,,
2018-06-01,1.8,4.1,15662000.0,104.1,99.9,104.9,109.2,,12.6,26.0,51.5,54.9,16787.34188,118.2,30842.0,31121.29,1770178.373,12625.0,163451903.29,3661.0,101.9,101.8,101.9,81273,215596000.0,174691000.0,17681,-151,21798.24375694,-2100.0,,
2018-07-01,1.9,4.7,7749000.0,103.9,100.1,104.0,110.7,6.7,11.2,14.1,51.2,50.9,12861.15205,119.7,30734.0,31179.46,1776196.10516409,12306.0,177545771.43,3697.5,102.1,102.1,102.0,58482,214403000.0,186914000.0,17460,-127,10466.75536692,-5800.0,15.5,13.5
2018-08-01,2.1,4.6,10427000.0,103.3,100.6,103.5,109.7,,12.2,27.3,51.3,50.7,13139.99871,118.6,31542.0,31097.16,1788670.42970175,12985.0,196392739.2,3259.5,102.3,102.3,102.3,59360,216949000.0,190652000.0,11077,-62,10818.12987501,-500.0,,
2018-09-01,2.3,4.1,11462000.0,103.2,102.1,105.5,109.4,,12.2,0.0,50.8,53.1,14340.99924,118.5,32005.0,30870.25,1801665.58145761,11377.0,218533084.98,3902.2,102.5,102.4,102.5,68284,225398000.0,195134000.0,12963,-171,7747.9608062,1600.0,,
2018-09-01,2.3,4.1,11462000.0,103.2,102.1,105.5,109.4,,12.2,19.9,50.8,53.1,14340.99924,118.5,32005.0,30870.25,1801665.58145761,11377.0,218533084.98,3902.2,102.5,102.4,102.5,68284,225398000.0,195134000.0,12963,-171,7747.9608062,1600.0,,
2018-09-01,2.3,4.1,11462000.0,103.2,102.1,105.5,109.4,,12.2,0.0,50.8,53.1,14340.99924,118.5,32005.0,30870.25,1801665.58145761,11377.0,218533084.98,3902.2,102.5,102.4,102.5,68284,225398000.0,195134000.0,12963,-171,7747.9608062,1600.0,,
2018-09-01,2.3,4.1,11462000.0,103.2,102.1,105.5,109.4,,9.8,0.0,50.8,53.1,14340.99924,118.5,32005.0,30870.25,1801665.58145761,11377.0,218533084.98,3902.2,102.5,102.4,102.5,68284,225398000.0,195134000.0,12963,-171,7747.9608062,1600.0,,
2018-09-01,2.3,4.1,11462000.0,103.2,102.1,105.5,109.4,,9.8,19.9,50.8,53.1,14340.99924,118.5,32005.0,30870.25,1801665.58145761,11377.0,218533084.98,3902.2,102.5,102.4,102.5,68284,225398000.0,195134000.0,12963,-171,7747.9608062,1600.0,,
2018-09-01,2.3,4.1,11462000.0,103.2,102.1,105.5,109.4,,9.8,0.0,50.8,53.1,14340.99924,118.5,32005.0,30870.25,1801665.58145761,11377.0,218533084.98,3902.2,102.5,102.4,102.5,68284,225398000.0,195134000.0,12963,-171,7747.9608062,1600.0,,
2018-09-01,2.3,4.1,11462000.0,103.2,102.1,105.5,109.4,,0.0,0.0,50.8,53.1,14340.99924,118.5,32005.0,30870.25,1801665.58145761,11377.0,218533084.98,3902.2,102.5,102.4,102.5,68284,225398000.0,195134000.0,12963,-171,7747.9608062,1600.0,,
2018-09-01,2.3,4.1,11462000.0,103.2,102.1,105.5,109.4,,0.0,19.9,50.8,53.1,14340.99924,118.5,32005.0,30870.25,1801665.58145761,11377.0,218533084.98,3902.2,102.5,102.4,102.5,68284,225398000.0,195134000.0,12963,-171,7747.9608062,1600.0,,
2018-09-01,2.3,4.1,11462000.0,103.2,102.1,105.5,109.4,,0.0,0.0,50.8,53.1,14340.99924,118.5,32005.0,30870.25,1801665.58145761,11377.0,218533084.98,3902.2,102.5,102.4,102.5,68284,225398000.0,195134000.0,12963,-171,7747.9608062,1600.0,,
2018-10-01,2.5,3.6,9696000.0,102.8,101.4,106.4,109.4,6.5,14.5,14.3,50.2,54.5,7141.282611,119.1,35534.0,30530.98,1795561.59556379,10293.0,233583506.46,3853.3,102.5,102.5,102.6,64125,214759000.0,181786000.0,15727,46,3822.82801061,-600.0,14.5,12.5
2018-10-01,2.5,3.6,9696000.0,102.8,101.4,106.4,109.4,6.5,14.5,0.0,50.2,54.5,7141.282611,119.1,35534.0,30530.98,1795561.59556379,10293.0,233583506.46,3853.3,102.5,102.5,102.6,64125,214759000.0,181786000.0,15727,46,3822.82801061,-600.0,14.5,12.5
2018-11-01,2.5,3.3,13602000.0,101.8,99.9,107.3,106.3,,15.5,20.8,50.0,50.0,12302.32894,122.1,35260.0,30616.97,1813175.06539151,11664.0,247906985.84,3537.0,102.2,102.2,102.2,61700,224294000.0,182435000.0,10775,-177,8751.81314637,-1000.0,,
2018-11-01,2.5,3.3,13602000.0,101.8,99.9,107.3,106.3,,15.5,0.0,50.0,50.0,12302.32894,122.1,35260.0,30616.97,1813175.06539151,11664.0,247906985.84,3537.0,102.2,102.2,102.2,61700,224294000.0,182435000.0,10775,-177,8751.81314637,-1000.0,,
2018-11-01,2.5,3.3,13602000.0,101.8,99.9,107.3,106.3,,0.0,20.8,50.0,50.0,12302.32894,122.1,35260.0,30616.97,1813175.06539151,11664.0,247906985.84,3537.0,102.2,102.2,102.2,61700,224294000.0,182435000.0,10775,-177,8751.81314637,-1000.0,,
2018-11-01,2.5,3.3,13602000.0,101.8,99.9,107.3,106.3,,0.0,0.0,50.0,50.0,12302.32894,122.1,35260.0,30616.97,1813175.06539151,11664.0,247906985.84,3537.0,102.2,102.2,102.2,61700,224294000.0,182435000.0,10775,-177,8751.81314637,-1000.0,,
2018-12-01,2.2,2.7,13709000.0,100.3,99.0,105.4,101.5,,5.4,3.0,49.4,54.7,9281.464384,123.0,35893.0,30727.12,1826744.21571345,11044.0,262608722.06,3567.4,101.9,101.9,101.9,26369,220850000.0,164050000.0,11019,-110,158.23890141,8400.0,,
2019-01-01,1.9,0.9,12407000.0,99.5,98.3,104.7,98.6,6.4,-4.4,-7.6,49.5,53.7,35668.35953,123.7,,30879.24,1865935.33,12169.0,62720000.0,3404.8,101.7,101.8,101.7,,218008133.5,179669676.1,,,,-2400.0,14.0,12.0
2019-01-01,1.9,0.9,12407000.0,99.5,98.3,104.7,98.6,6.4,-4.4,-7.6,49.5,53.7,35668.35953,123.7,,30879.24,1865935.33,12169.0,62720000.0,3404.8,101.7,101.8,101.7,,218008133.5,179669676.1,,,,-2400.0,14.0,11.5
2019-01-01,1.9,0.9,12407000.0,99.5,98.3,104.7,98.6,6.4,-4.4,-7.6,49.5,53.7,35668.35953,123.7,,30879.24,1865935.33,12169.0,62720000.0,3404.8,101.7,101.8,101.7,,218008133.5,179669676.1,,,,-2400.0,13.5,12.0
2019-01-01,1.9,0.9,12407000.0,99.5,98.3,104.7,98.6,6.4,-4.4,-7.6,49.5,53.7,35668.35953,123.7,,30879.24,1865935.33,12169.0,62720000.0,3404.8,101.7,101.8,101.7,,218008133.5,179669676.1,,,,-2400.0,13.5,11.5
2019-02-01,1.7,0.1,9281000.0,99.7,98.9,105.6,99.0,,9.1,-1.5,49.2,49.6,7640.641862,126.0,,30901.8,1867427.45,8282.0,82610000.0,1451.1,101.5,101.5,101.4,0,135330170.0,132371034.7,0,24,14306.55,-3415.0,,
2019-03-01,1.5,0.1,14107000.0,100.6,103.7,106.7,101.1,,-20.8,-5.2,50.5,52.6,19584.39553,124.1,31726.0,30987.61,1889412.14,10247.0,108630000.0,2837.3,102.3,102.3,102.3,57022,198234435.6,166867490.0,14552,62,17735.02,-2600.0,,
2019-04-01,2.3,0.4,9342000.0,101.1,107.0,109.1,100.6,6.4,14.2,-7.6,50.1,53.5,8732.827504,125.3,30586.0,30949.53,1884670.33,10772.0,120050000.0,3653.0,102.5,102.5,102.6,53876,193606315.7,180531895.0,18995,-206,2455.26,0.0,,
2019-05-01,2.5,0.9,9472000.0,100.7,107.3,110.4,99.5,,-2.7,4.0,49.4,52.8,11855.45876,123.4,32956.0,31010.04,1891153.7,9866.0,132520000.0,3829.4,102.7,102.7,102.8,61808,213917758.1,172773252.9,17268,62,12304.49,5300.0,,
2019-06-01,2.7,0.6,16127000.0,99.8,107.2,112.2,97.5,,1.1,-8.5,49.4,51.9,16736.89983,125.9,33878.0,31192.34,1921360.19,9249.0,150260000.0,3431.0,102.7,102.7,102.7,81545,212465709.9,162816660.9,17927,-79,23168.98,275.0,,
2019-07-01,2.7,0.0,8065000.0,99.7,107.4,114.7,95.9,6.2,-1.3,-7.3,49.7,51.1,8086.072901,124.4,33073.0,31036.97,1919410.82,11163.0,161360000.0,3419.9,102.8,102.7,102.9,49792,221772397.5,177757872.1,17777,-123,5472.83,-5600.0,,
2019-08-01,2.8,-0.3,10459000.0,99.3,108.2,112.2,94.6,,3.3,-5.6,49.5,50.9,13045.18199,122.4,33896.0,31071.76,1935492.43,10413.0,175280000.0,3087.5,102.8,102.8,103.1,51736,214873286.8,180157156.9,11438,-14,18551.66,1350.0,,
2019-09-01,2.8,-0.8,11520000.0,98.9,109.3,108.8,93.5,,-1.0,-5.6,49.8,53.8,17612.4407,124.1,34495.0,30924.31,1952250.49,9962.0,192540000.0,3623.6,103.0,102.8,103.6,60576,218214874.3,179136522.2,13617,-53,7177.72,1750.0,13.0,11.0
2019-10-01,3.0,-1.2,9998000.0,98.9,112.2,107.4,92.8,6.0,-3.2,-8.5,49.3,54.2,5469.638534,124.3,38104.0,31051.61,1945600.55,8816.0,203600000.0,3596.9,103.8,103.5,104.6,49676,212978599.5,170670619.6,17026,-11,3462.63,-2960.0,,
2019-11-01,3.8,-1.6,13616000.0,99.4,115.9,105.8,94.1,,-0.9,-6.5,50.2,58.9,13633.17324,124.6,38094.0,30955.91,1961429.56,8463.0,214340000.0,3484.2,104.5,104.2,105.5,22838,221442325.0,184266453.8,11263,-40,12908.64,-310.0,,
2019-12-01,4.5,-1.4,13746000.0,100.5,117.1,106.9,98.0,,-1.3,0.5,50.2,58.6,10769.81577,126.6,38777.0,31079.24,1986488.82,6937.0,227540000.0,3044.4,104.5,104.2,105.3,17760,238638083.2,191390349.1,11415,-77,6140.01,5990.0,,
2020-01-01,4.5,-0.5,12680000.0,101.0,118.6,106.9,100.4,6.0,7.6,16.3,50.0,49.9,34924.0,126.4,,31154.97,2023066.485,5639.0,66866000.0,2081.3,105.4,105.1,106.3,,211587567.6,156920624.1,,,,-200.0,12.5,10.5
2020-02-01,5.4,0.1,6740000.0,100.3,117.2,105.0,97.5,,7.9,16.5,35.7,26.2,7202.0,118.9,,31067.18,2030830.424,5265.0,82037900.0,638.4,105.2,104.8,106.3,0,80379283.79,142371518.7,0,199,11506.11,-5775.0,,
2020-03-01,5.2,-0.4,11780000.0,98.6,113.5,104.1,92.0,,-17.2,-4.0,52.0,51.5,30390.0,122.2,26450.0,30606.33,2080923.411,8008.0,107979300.0,2175.6,104.3,104.0,105.3,50822,184571998.6,164603201.9,10752,-33,40661.59,710.0,,
2020-03-01,5.2,-0.4,11780000.0,98.6,113.5,104.1,92.0,,-17.2,0.0,52.0,51.5,30390.0,122.2,26450.0,30606.33,2080923.411,8008.0,107979300.0,2175.6,104.3,104.0,105.3,50822,184571998.6,164603201.9,10752,-33,40661.59,710.0,,
2020-03-01,5.2,-0.4,11780000.0,98.6,113.5,104.1,92.0,,0.0,-4.0,52.0,51.5,30390.0,122.2,26450.0,30606.33,2080923.411,8008.0,107979300.0,2175.6,104.3,104.0,105.3,50822,184571998.6,164603201.9,10752,-33,40661.59,710.0,,
2020-03-01,5.2,-0.4,11780000.0,98.6,113.5,104.1,92.0,,0.0,0.0,52.0,51.5,30390.0,122.2,26450.0,30606.33,2080923.411,8008.0,107979300.0,2175.6,104.3,104.0,105.3,50822,184571998.6,164603201.9,10752,-33,40661.59,710.0,,
2020-04-01,4.3,-1.5,10140000.0,97.0,111.4,102.3,86.8,-6.8,-6.6,-1.0,50.8,53.6,16239.0,116.4,28178.0,30914.59,2093533.829,8179.0,121827900.0,4172.8,103.3,103.0,104.0,52679,199483191.9,154546662.3,16149,207,11715.18,-690.0,,
2020-04-01,4.3,-1.5,10140000.0,97.0,111.4,102.3,86.8,-6.8,-6.6,0.0,50.8,53.6,16239.0,116.4,28178.0,30914.59,2093533.829,8179.0,121827900.0,4172.8,103.3,103.0,104.0,52679,199483191.9,154546662.3,16149,207,11715.18,-690.0,,
2020-04-01,4.3,-1.5,10140000.0,97.0,111.4,102.3,86.8,-6.8,0.0,-1.0,50.8,53.6,16239.0,116.4,28178.0,30914.59,2093533.829,8179.0,121827900.0,4172.8,103.3,103.0,104.0,52679,199483191.9,154546662.3,16149,207,11715.18,-690.0,,
2020-04-01,4.3,-1.5,10140000.0,97.0,111.4,102.3,86.8,-6.8,0.0,0.0,50.8,53.6,16239.0,116.4,28178.0,30914.59,2093533.829,8179.0,121827900.0,4172.8,103.3,103.0,104.0,52679,199483191.9,154546662.3,16149,207,11715.18,-690.0,,
2020-05-01,3.3,-3.1,9870000.0,96.7,109.2,101.7,85.0,,3.5,-14.2,50.6,54.8,15502.0,115.8,31973.0,31016.92,2100183.741,7175.0,136346100.0,3375.9,102.4,102.3,103.0,62370,206428326.7,144811206.1,15539,158,23155.64,6700.0,,
2020-06-01,2.4,-3.7,16720000.0,97.7,109.1,102.0,87.4,,-3.3,-16.7,50.9,54.9,19029.0,112.6,33526.0,31123.28,2134948.661,7526.0,156189200.0,2863.0,102.5,102.2,103.2,82409,212846693.2,168167065.9,18504,154,30853.36,-175.0,,
2020-06-01,2.4,-3.7,16720000.0,97.7,109.1,102.0,87.4,,-3.3,0.0,50.9,54.9,19029.0,112.6,33526.0,31123.28,2134948.661,7526.0,156189200.0,2863.0,102.5,102.2,103.2,82409,212846693.2,168167065.9,18504,154,30853.36,-175.0,,
2020-06-01,2.4,-3.7,16720000.0,97.7,109.1,102.0,87.4,,0.0,-16.7,50.9,54.9,19029.0,112.6,33526.0,31123.28,2134948.661,7526.0,156189200.0,2863.0,102.5,102.2,103.2,82409,212846693.2,168167065.9,18504,154,30853.36,-175.0,,
2020-06-01,2.4,-3.7,16720000.0,97.7,109.1,102.0,87.4,,0.0,0.0,50.9,54.9,19029.0,112.6,33526.0,31123.28,2134948.661,7526.0,156189200.0,2863.0,102.5,102.2,103.2,82409,212846693.2,168167065.9,18504,154,30853.36,-175.0,,
2020-07-01,2.5,-3.0,9050000.0,98.5,109.6,101.8,89.9,3.2,0.5,2.7,51.1,50.9,10221.0,117.2,32203.0,31543.91,2125458.462,7404.0,168815300.0,2230.1,102.7,102.4,103.7,47611,236839118.6,176530158.4,18549,192,1133.15,-3700.0,,
2020-08-01,2.7,-2.4,12020000.0,98.9,107.9,103.5,91.1,,7.2,-1.4,51.0,52.2,14201.0,116.4,33571.0,31646.09,2136836.91,6511.0,183907100.0,2690.7,102.4,102.1,103.2,49620,234372876.6,177272365.1,12043,193,20150.95824139,5000.0,,
2020-09-01,2.4,-2.0,14260000.0,98.7,106.1,103.7,91.1,,9.5,-2.1,51.5,56.1,19171.0,120.5,35295.0,31425.62,2164084.8,7036.0,201868700.0,2333.4,101.7,101.6,102.1,57696,238612878.8,203269047.8,14234,-34,17399.06175861,-200.0,,
2020-10-01,1.7,-2.1,11830000.0,98.5,102.8,105.3,90.2,4.9,0.0,0.0,51.4,56.3,6663.0,121.7,38576.0,31279.82,2149720.42,5467.0,213945700.0,2615.3,100.5,100.5,100.4,46762,236229943.9,178908375.6,17531,238,-2763.31,-2600.0,,
2020-10-01,1.7,-2.1,11830000.0,98.5,102.8,105.3,90.2,4.9,0.0,13.2,51.4,56.3,6663.0,121.7,38576.0,31279.82,2149720.42,5467.0,213945700.0,2615.3,100.5,100.5,100.4,46762,236229943.9,178908375.6,17531,238,-2763.31,-2600.0,,
2020-10-01,1.7,-2.1,11830000.0,98.5,102.8,105.3,90.2,4.9,0.0,0.0,51.4,56.3,6663.0,121.7,38576.0,31279.82,2149720.42,5467.0,213945700.0,2615.3,100.5,100.5,100.4,46762,236229943.9,178908375.6,17531,238,-2763.31,-2600.0,,
2020-10-01,1.7,-2.1,11830000.0,98.5,102.8,105.3,90.2,4.9,9.9,0.0,51.4,56.3,6663.0,121.7,38576.0,31279.82,2149720.42,5467.0,213945700.0,2615.3,100.5,100.5,100.4,46762,236229943.9,178908375.6,17531,238,-2763.31,-2600.0,,
2020-10-01,1.7,-2.1,11830000.0,98.5,102.8,105.3,90.2,4.9,9.9,13.2,51.4,56.3,6663.0,121.7,38576.0,31279.82,2149720.42,5467.0,213945700.0,2615.3,100.5,100.5,100.4,46762,236229943.9,178908375.6,17531,238,-2763.31,-2600.0,,
2020-10-01,1.7,-2.1,11830000.0,98.5,102.8,105.3,90.2,4.9,9.9,0.0,51.4,56.3,6663.0,121.7,38576.0,31279.82,2149720.42,5467.0,213945700.0,2615.3,100.5,100.5,100.4,46762,236229943.9,178908375.6,17531,238,-2763.31,-2600.0,,
2020-10-01,1.7,-2.1,11830000.0,98.5,102.8,105.3,90.2,4.9,0.0,0.0,51.4,56.3,6663.0,121.7,38576.0,31279.82,2149720.42,5467.0,213945700.0,2615.3,100.5,100.5,100.4,46762,236229943.9,178908375.6,17531,238,-2763.31,-2600.0,,
2020-10-01,1.7,-2.1,11830000.0,98.5,102.8,105.3,90.2,4.9,0.0,13.2,51.4,56.3,6663.0,121.7,38576.0,31279.82,2149720.42,5467.0,213945700.0,2615.3,100.5,100.5,100.4,46762,236229943.9,178908375.6,17531,238,-2763.31,-2600.0,,
2020-10-01,1.7,-2.1,11830000.0,98.5,102.8,105.3,90.2,4.9,0.0,0.0,51.4,56.3,6663.0,121.7,38576.0,31279.82,2149720.42,5467.0,213945700.0,2615.3,100.5,100.5,100.4,46762,236229943.9,178908375.6,17531,238,-2763.31,-2600.0,,
2020-11-01,0.5,-2.1,14380000.0,99.0,100.0,106.4,90.6,,11.4,4.7,52.1,57.5,15309.0,124.0,39514.0,31784.9,2172002.55,6261.0,225128100.0,2958.4,99.5,99.6,99.2,16268,266912158.1,192663372.2,10956,-184,20612.64,350.0,,
2020-12-01,-0.5,-1.5,14900000.0,100.2,100.6,108.7,92.6,,21.1,4.5,51.9,56.9,11458.0,122.1,40566.0,32165.22,2186795.89,6976.0,239820000.0,2659.5,100.2,100.2,100.2,19347,281687569.9,205897955.6,13406,-376,-2674.76,250.0,,
2021-01-01,0.2,-0.4,13470000.0,101.2,101.8,110.7,93.7,6.5,18.1,6.5,51.3,54.4,38182.0,122.8,,32106.71,2213047.33,5116.0,74811600.0,4012.0,99.7,99.6,99.9,,263633068.3,201979919.3,,,,-1710.0,,
2021-02-01,-0.3,0.3,12600000.0,102.9,101.5,113.9,97.6,,,,50.6,49.8,13413.0,127.0,,32049.94,2236030.26,3944.0,92323000.0,2175.9,99.8,99.8,99.9,0,204637589.1,169314988.3,0,27,12972.49988447,-3140.0,,
2021-03-01,-0.2,1.7,18790000.0,105.4,101.2,115.2,104.1,,60.6,22.2,51.9,51.9,27511.0,122.2,35484.0,31700.29,2276488.45,5006.0,116356800.0,3609.4,100.4,100.5,100.4,50758,240743007.1,228970135.7,15310,18,36937.7,-100.0,,
2021-04-01,0.4,4.4,14180000.0,107.5,99.7,117.4,111.1,18.3,30.6,38.1,0.0,57.3,12840.0,121.5,33153.0,31981.8,2262107.12,4210.0,130028100.0,2748.6,100.9,101.0,100.7,47810,263460475.3,222580334.8,20893,65,-5158.85,100.0,,
2021-05-01,0.0,6.8,12540000.0,109.1,100.0,121.0,115.2,,32.3,43.1,51.0,55.8,14294.0,121.8,35945.0,32218.03,2275538.07,3721.0,144763300.0,2296.8,101.3,101.4,101.1,50113,263615097.2,220356387.1,18446,139,25230.33,-100.0,,
2021-06-01,1.3,9.0,19380000.0,108.1,96.5,121.5,114.9,,27.9,51.1,50.9,54.6,23182.0,122.8,37586.0,32140.1,2317788.36,4452.0,153009300.0,2566.4,101.1,101.2,100.7,61983,281020999.6,230919668.1,20662,102,39825.97,1000.0,,
2021-07-01,1.1,8.8,9780000.0,107.9,94.5,121.0,115.3,7.9,32.2,36.7,50.4,50.3,8391.0,117.8,34925.0,32358.9,2302153.82,3944.0,166009700.0,2867.6,101.0,101.2,100.4,46633,282270678.9,226377067.8,20600,-29,-12806.87,-600.0,12.0,10.0
2021-08-01,1.0,9.0,13040000.0,107.6,93.2,116.3,115.1,,19.3,28.1,50.1,49.5,12713.0,117.5,34395.0,32321.16,2312267.68,3572.0,181027900.0,2430.6,100.8,101.0,100.3,44380,293982100.8,234836016.2,12372,-14,14006.14,1600.0,,
2021-09-01,0.8,9.5,15480000.0,107.9,89.8,114.4,117.6,,25.6,33.1,49.6,51.0,17755.0,121.2,36833.0,32006.26,2342829.7,3659.0,197912400.0,2144.0,100.7,100.8,100.2,50914,305283427.3,237255529.1,13932,-16,22985.12,5900.0,,
2021-10-01,0.7,10.7,12750000.0,110.1,92.1,111.4,123.7,4.9,28.1,17.6,49.2,53.5,7752.0,120.2,40454.0,32176.14,2336160.48,2643.0,209436300.0,3357.5,101.5,101.6,101.2,47996,299585438.0,214788846.0,17506,130,8052.79,1600.0,,
2021-11-01,1.5,13.5,15190000.0,109.8,98.2,107.8,123.8,,27.1,20.6,50.1,53.6,13021.0,119.5,41043.0,32223.86,2356012.76,3433.0,220504700.0,3525.2,102.3,102.4,102.2,48259,324810354.1,252996522.1,9726,-54,11560.86,-5000.0,,
2021-12-01,2.3,12.9,16280000.0,107.5,96.6,104.2,118.6,,22.0,31.7,50.3,52.6,10350.0,119.8,41269.0,32501.66,2382899.56,3881.0,235718400.0,3340.1,101.5,101.6,101.2,50465,340431026.7,246161319.4,11287,-361,10262.15,2000.0,11.5,9.5
2022-01-01,1.5,10.3,15840000.0,106.4,93.1,103.4,118.0,4.0,20.9,19.5,50.1,51.1,41988.0,121.5,,32216.32,2431022.72,2848.0,70496400.0,3302.2,100.9,101.1,100.4,,327303346.3,242237205.6,,,,4000.0,,
2022-02-01,0.9,9.1,22020000.0,106.1,91.7,103.2,118.7,,,,,51.2,9084.0,120.5,,32138.27,2441488.9,1913.0,87834300.0,1486.4,100.9,101.0,100.5,0,217533255.0,187036876.5,0,249,26732.01,0.0,,
2022-03-01,0.9,8.8,21230000.0,,,,,,16.3,15.5,50.2,48.7,32291.0,113.2,34233.0,31879.94,2497688.34,2356.0,,,101.5,101.6,101.2,54109,276084612.7,228704260.4,15834,-125,44672.8,-4000.0,,
2022-03-01,0.9,8.8,21230000.0,,,,,,16.3,15.5,49.5,48.7,32291.0,113.2,34233.0,31879.94,2497688.34,2356.0,,,101.5,101.6,101.2,54109,276084612.7,228704260.4,15834,-125,44672.8,-4000.0,,
2022-04-01,1.5,8.3,,,,,,4.8,14.7,-0.1,47.4,43.8,3616.0,,,31197.2,2499700.0,1879.0,,,102.1,102.2,102.0,,273619700.0,222500600.0,,-218,,-6400.0,11.25,9.25
2022-05-01,2.1,8.0,,,,,,,3.9,0.0,,,,,,,,,,,,,,,,,,,,-600.0,,
